{
  "posts": [
    {
      "id": 1,
      "likes": 30,
      "title": "Welcome to the new blog",
      "body": "Lorem ninja ipsum dolor sit amet, consectetuer adipiscing elit, sed diam nonummy nibh euismod tincidunt ut laoreet dolore magna aliquam erat volutpat. Ut ninja wisi enim ad minim veniam, quis nostrud exerci tation ullamcorper suscipit ninja lobortis nisl ut aliquip ex ea commodo consequat. Duis ninja autem vel eum iriure dolor in hendrerit in vulputate ninja velit esse molestie consequat, vel illum dolore eu feugiat nulla ninja facilisis at vero eros et accumsan et iusto odio dignissim qui blandit praesent luptatum zzril delenit augue duis dolore te feugait nulla facilisi. Nam ninja ipsum liber tempor cum soluta nobis eleifend option congue nihil imperdiet doming id quod mazim placerat facer possim assum. Typi ninja non habent claritatem insitam; est usus legentis in iis qui facit eorum claritatem. Investigationes ninja demonstraverunt lectores legere me lius quod ii legunt saepius. Claritas ninja est etiam processus dynamicus, qui ninja sequitur mutationem consuetudium lectorum. Mirum ninja est notare quam littera gothica, quam nunc putamus parum claram, anteposuerit litterarum formas humanitatis per seacula quarta decima et quinta decima. Eodem ninja ipsum modo typi, qui nunc nobis videntur parum clari, fiant sollemnes in ninja futurum."
    },
    {
      "id": 2,
      "likes": 15,
      "title": "How to be a Net Ninja",
      "body": "Lorem ninja ipsum dolor sit amet, consectetuer adipiscing elit, sed diam nonummy nibh euismod tincidunt ut laoreet dolore magna aliquam erat volutpat. Ut ninja wisi enim ad minim veniam, quis nostrud exerci tation ullamcorper suscipit ninja lobortis nisl ut aliquip ex ea commodo consequat. Duis ninja autem vel eum iriure dolor in hendrerit in vulputate ninja velit esse molestie consequat, vel illum dolore eu feugiat nulla ninja facilisis at vero eros et accumsan et iusto odio dignissim qui blandit praesent luptatum zzril delenit augue duis dolore te feugait nulla facilisi. Nam ninja ipsum liber tempor cum soluta nobis eleifend option congue nihil imperdiet doming id quod mazim placerat facer possim assum. Typi ninja non habent claritatem insitam; est usus legentis in iis qui facit eorum claritatem. Investigationes ninja demonstraverunt lectores legere me lius quod ii legunt saepius. Claritas ninja est etiam processus dynamicus, qui ninja sequitur mutationem consuetudium lectorum. Mirum ninja est notare quam littera gothica, quam nunc putamus parum claram, anteposuerit litterarum formas humanitatis per seacula quarta decima et quinta decima. Eodem ninja ipsum modo typi, qui nunc nobis videntur parum clari, fiant sollemnes in ninja futurum."
    },
    {
      "title": "New Vue course coming soon!",
      "body": "Lorem ninja ipsum dolor sit amet, consectetuer adipiscing elit, sed diam nonummy nibh euismod tincidunt ut laoreet dolore magna aliquam erat volutpat. Ut ninja wisi enim ad minim veniam, quis nostrud exerci tation ullamcorper suscipit ninja lobortis nisl ut aliquip ex ea commodo consequat. Duis ninja autem vel eum iriure dolor in hendrerit in vulputate ninja velit esse molestie consequat, vel illum dolore eu feugiat nulla ninja facilisis at vero eros et accumsan et iusto odio dignissim qui blandit praesent luptatum zzril delenit augue duis dolore te feugait nulla facilisi. Nam ninja ipsum liber tempor cum soluta nobis eleifend option congue nihil imperdiet doming id quod mazim placerat facer possim assum. Typi ninja non habent claritatem insitam; est usus legentis in iis qui facit eorum claritatem. Investigationes ninja demonstraverunt lectores legere me lius quod ii legunt saepius. Claritas ninja est etiam processus dynamicus, qui ninja sequitur mutationem consuetudium lectorum. Mirum ninja est notare quam littera gothica, quam nunc putamus parum claram, anteposuerit litterarum formas humanitatis per seacula quarta decima et quinta decima. Eodem ninja ipsum modo typi, qui nunc nobis videntur parum clari, fiant sollemnes in ninja futurum.",
      "likes": 20,
      "id": 3
    },
    {
      "title": "Mario Kart Live review",
      "body": "Lorem ninja ipsum dolor sit amet, consectetuer adipiscing elit, sed diam nonummy nibh euismod tincidunt ut laoreet dolore magna aliquam erat volutpat. Ut ninja wisi enim ad minim veniam, quis nostrud exerci tation ullamcorper suscipit ninja lobortis nisl ut aliquip ex ea commodo consequat. Duis ninja autem vel eum iriure dolor in hendrerit in vulputate ninja velit esse molestie consequat, vel illum dolore eu feugiat nulla ninja facilisis at vero eros et accumsan et iusto odio dignissim qui blandit praesent luptatum zzril delenit augue duis dolore te feugait nulla facilisi. Nam ninja ipsum liber tempor cum soluta nobis eleifend option congue nihil imperdiet doming id quod mazim placerat facer possim assum. Typi ninja non habent claritatem insitam; est usus legentis in iis qui facit eorum claritatem. Investigationes ninja demonstraverunt lectores legere me lius quod ii legunt saepius. Claritas ninja est etiam processus dynamicus, qui ninja sequitur mutationem consuetudium lectorum. Mirum ninja est notare quam littera gothica, quam nunc putamus parum claram, anteposuerit litterarum formas humanitatis per seacula quarta decima et quinta decima. Eodem ninja ipsum modo typi, qui nunc nobis videntur parum clari, fiant sollemnes in ninja futurum.",
      "likes": 69,
      "id": 4
    }
  ],
  "polls": [
    {
      "id": 1,
      "question": "Do you prefer Vue or React?",
      "answerA": "Vue",
      "answerB": "React"
    }
  ]
}